{
    "accuracy": 0.9180327868852459,
    "auc": 0.9439655172413792,
    "sensitivity": 0.875,
    "specificity": 0.9655172413793104,
    "confusion_matrix": [
        [
            28,
            1
        ],
        [
            4,
            28
        ]
    ]
}